"","V1"
"___2",4
"___3",10
"___4",4
"___5",10
"___6",15
"___7",14
"___8",5
"___9",14
"___10",9
"___11",14
"___12",14
"___13",14
"___14",14
"___15",14
"___16",14
"___17",14
"___18",14
"___19",14
"___20",14
"___21",2
"___22",15
"___23",4
"___24",15
"___25",14
"___26",14
"___27",14
"___28",10
"___29",9
"___30",2
"___31",11
"___32",14
"___33",4
"___34",14
"___35",14
"___36",14
"___37",14
"___38",14
"___39",14
"___40",14
"___41",14
"___42",14
"___43",14
"___44",14
"___45",14
"___46",14
"___47",14
"___48",14
"___49",14
"___50",15
"___51",1
"___52",12
"___53",1
"___54",1
"___55",15
"___56",15
"___57",15
"___58",14
"___59",15
"___60",14
"___61",6
"___62",14
"___63",12
"___64",15
"___65",14
"___66",1
"___67",14
"___68",14
"___69",10
"___70",14
"___71",7
"___72",14
"___73",14
"___74",14
"___75",14
"___76",14
"___77",14
"___78",14
"___79",8
"___80",14
"___81",12
"___82",7
"___83",14
"___84",12
"___85",14
"___86",12
"___87",14
"___88",2
"___89",14
"___90",2
"___91",14
"___92",7
"___93",2
"___94",7
"___95",10
"___96",7
"___97",7
"___98",7
"___99",15
"___100",7
"___101",14
"___102",2
"___103",14
"___104",14
"___105",7
"___106",14
"___107",10
"___108",1
"___109",8
"___110",11
"___111",8
"___112",10
"___113",3
"___114",2
"___115",15
"___116",11
"___117",15
"___118",11
"___119",15
"___120",15
"___121",1
"___122",14
"___123",9
"___124",1
"___125",1
"___126",6
"___127",14
"___128",12
"___129",10
"___130",3
"___131",1
"___132",8
"___133",7
"___134",10
"___135",10
"___136",10
"___137",14
"___138",12
"___139",10
"___140",12
"___141",10
"___142",1
"___143",10
"___144",6
"___145",4
"___146",2
"___147",7
"___2",10
"___3",1
"___4",6
"___5",3
"___6",5
"___7",3
"___8",3
"___9",14
"___10",3
"___11",1
"___12",14
"___13",3
"___14",7
"___15",4
"___16",7
"___17",3
"___18",1
"___19",3
"___20",1
"___21",5
"___22",7
"___23",15
"___24",15
"___25",15
"___26",15
"___2",14
"___3",4
"___4",12
"___5",12
"___6",4
"___7",7
"___8",5
"___9",4
"___10",4
"___11",4
"___12",4
"___13",7
"___14",2
"___15",3
"___16",2
"___17",13
"___18",2
"___19",13
"___20",7
"___21",2
"___22",7
"___23",2
"___24",4
"___25",13
"___26",4
"___27",13
"___28",1
"___29",2
"___30",1
"___31",2
"___32",2
"___33",2
"___34",3
"___35",2
"___36",6
"___37",2
"___38",5
"___39",6
"___40",4
"___41",12
"___42",2
"___43",7
"___44",14
"___45",7
"___46",11
"___47",2
"___48",13
"___49",13
"___50",13
"___51",5
"___52",13
"___53",3
"___54",13
"___55",5
"___56",11
"___57",5
"___58",13
"___59",2
"___60",15
"___61",15
"___62",2
"___63",15
"___64",2
"___65",1
"___66",10
"___67",8
"___68",10
"___69",8
"___70",12
"___71",13
"___72",13
"___73",7
"___74",13
"___75",9
"___76",13
"___77",12
"___2",7
"___3",7
"___4",2
"___5",1
"___6",1
"___7",1
"___8",3
"___9",2
"___10",7
"___11",2
"___12",1
"___13",1
"___14",3
"___15",3
"___16",3
"___17",3
"___18",5
"___19",3
"___20",7
"___21",2
"___22",9
"___23",2
"___24",2
"___25",7
"___26",15
"___27",3
"___28",15
"___29",7
"___30",2
"___31",3
"___32",3
"___33",2
"___34",7
"___35",2
"___36",8
"___37",11
"___38",8
"___39",15
"___40",8
"___41",4
"___42",13
"___43",10
"___44",3
"___45",1
"___46",7
"___47",1
"___48",1
"___49",3
"___50",1
"___51",3
"___52",7
"___53",10
"___54",6
"___55",4
"___56",3
"___57",4
"___58",3
"___59",1
"___60",2
"___61",10
"___62",15
"___63",10
"___64",8
"___65",3
"___66",8
"___2",1
"___3",6
"___4",5
"___5",5
"___6",12
"___7",12
"___8",4
"___9",15
"___10",4
"___11",4
"___12",12
"___13",3
"___14",12
"___15",6
"___16",4
"___17",1
"___18",4
"___19",1
"___20",4
"___21",1
"___22",4
"___23",1
"___24",9
"___25",1
"___26",2
"___27",1
"___28",12
"___29",1
"___30",6
"___31",2
"___32",2
"___33",8
"___34",10
"___35",2
"___36",10
"___37",2
"___38",4
"___39",2
"___40",7
"___41",8
"___42",6
"___43",8
"___44",6
"___45",2
"___46",14
"___47",2
"___48",12
"___49",9
"___50",12
"___51",7
"___52",1
"___53",7
"___54",15
"___55",6
"___56",15
"___57",8
"___58",2
"___59",9
"___60",5
"___61",1
"___62",8
"___63",14
"___64",8
"___65",2
"___66",2
"___67",4
"___68",9
"___69",1
"___70",3
"___71",2
"___72",6
"___73",2
"___74",11
"___75",2
"___76",5
"___77",5
"___78",5
"___79",5
"___80",5
"___81",5
"___82",5
"___83",5
"___84",3
"___85",8
"___86",1
"___87",5
"___88",8
"___89",5
"___90",2
"___91",3
"___92",13
"___93",13
"___94",12
"___95",1
"___96",4
"___97",1
"___98",12
"___99",3
"___100",11
"___101",7
"___102",11
"___103",4
"___104",13
"___105",4
"___106",13
"___107",1
"___108",15
"___2",1
"___3",5
"___4",9
"___5",1
"___6",9
"___7",5
"___8",13
"___9",10
"___10",13
"___11",2
"___12",9
"___13",9
"___14",9
"___15",9
"___16",2
"___17",13
"___18",2
"___19",8
"___20",2
"___21",13
"___22",1
"___23",1
"___24",1
"___25",15
"___26",13
"___27",8
"___28",13
"___29",13
"___30",13
"___31",13
"___32",13
"___33",13
"___34",5
"___35",3
"___36",5
"___37",3
"___38",4
"___39",2
"___40",6
"___41",6
"___42",6
"___43",12
"___44",1
"___45",7
"___46",6
"___47",14
"___48",6
"___49",14
"___50",8
"___51",2
"___52",10
"___53",2
"___54",15
"___55",2
"___56",13
"___57",2
"___58",13
"___59",2
"___60",11
"___61",15
"___62",11
"___63",10
"___64",11
"___65",6
"___66",11
"___68",5
"___69",13
"___70",3
"___71",10
"___72",6
"___73",9
"___74",8
"___75",1
"___2",1
"___3",10
"___4",11
"___5",13
"___6",10
"___7",15
"___8",10
"___9",15
"___10",15
"___11",15
"___12",15
"___13",4
"___14",2
"___15",7
"___16",6
"___17",2
"___18",6
"___19",6
"___20",9
"___21",2
"___22",3
"___23",7
"___24",13
"___25",10
"___26",1
"___27",1
"___28",11
"___29",10
"___30",6
"___31",2
"___2",11
"___3",3
"___4",11
"___5",13
"___6",5
"___7",2
"___8",3
"___9",11
"___10",3
"___11",11
"___12",1
"___13",3
"___14",7
"___15",10
"___16",13
"___17",9
"___18",4
"___19",9
"___20",1
"___21",13
"___22",1
"___23",1
"___24",3
"___25",3
"___26",2
"___27",3
"___28",8
"___29",3
"___30",3
"___31",12
"___32",3
"___33",12
"___34",1
"___35",4
"___36",3
"___37",3
"___38",3
"___39",13
"___40",3
"___41",3
"___42",12
"___43",9
"___44",4
"___45",9
"___46",6
"___47",9
"___48",6
"___49",7
"___50",6
"___51",6
"___52",2
"___53",6
"___54",11
"___55",3
"___2",11
"___3",4
"___4",11
"___5",4
"___6",9
"___7",1
"___8",11
"___9",1
"___10",6
"___11",10
"___12",3
"___13",13
"___14",5
"___15",13
"___16",2
"___17",4
"___18",13
"___19",1
"___20",13
"___21",3
"___22",4
"___23",8
"___24",4
"___25",12
"___26",4
"___27",1
"___28",12
"___29",1
"___30",1
"___31",4
"___32",1
"___33",4
"___34",13
"___35",14
"___36",13
"___37",8
"___38",8
"___39",8
"___40",8
"___41",7
"___42",8
"___43",3
"___44",1
"___45",1
"___46",1
"___47",1
"___48",1
"___49",1
"___50",12
"___51",12
"___52",10
"___53",8
"___54",1
"___55",4
"___56",9
"___57",4
"___58",3
"___59",4
"___60",6
"___61",9
"___62",3
"___63",3
"___64",3
"___65",3
"___66",3
"___67",5
"___68",5
"___69",5
"___70",2
"___71",5
"___72",3
"___73",5
"___74",3
"___75",5
"___76",3
"___77",5
"___78",6
"___79",3
"___80",10
"___81",3
"___82",10
"___83",11
"___84",11
"___85",12
"___86",8
"___87",12
"___88",1
"___89",12
"___90",10
"___91",8
"___92",7
"___93",8
"___94",6
"___95",6
"___96",9
"___97",5
"___98",6
"___99",10
"___100",12
"___101",12
"___102",12
"___103",12
"___104",9
"___105",12
"___106",7
"___107",5
"___108",6
"___109",11
"___110",13
"___111",7
"___112",5
"___113",7
"___114",5
"___115",3
"___116",6
"___117",1
"___118",14
"___119",5
"___120",12
"___121",1
"___122",15
"___123",1
"___124",8
"___125",13
"___126",6
"___127",13
"___128",6
"___129",7
"___130",6
"___131",10
"___132",3
"___133",12
"___134",7
"___135",12
"___136",9
"___137",9
"___138",13
"___2",11
"___3",11
"___4",11
"___5",9
"___6",10
"___7",6
"___8",10
"___9",6
"___10",6
"___11",6
"___12",6
"___13",14
"___14",4
"___15",14
"___16",8
"___17",4
"___18",3
"___19",14
"___20",10
"___21",12
"___22",11
"___23",4
"___24",1
"___25",8
"___26",1
"___27",8
"___28",6
"___29",13
"___30",6
"___31",13
"___32",5
"___33",8
"___34",6
"___35",6
"___36",1
"___37",6
"___38",10
"___39",6
"___40",11
"___41",1
"___42",8
"___43",4
"___44",9
"___45",4
"___46",3
"___47",1
"___48",8
"___49",1
"___50",6
"___51",5
"___52",6
"___53",13
"___54",11
"___55",5
"___56",11
"___57",6
"___58",6
"___59",2
"___60",6
"___61",8
"___62",6
"___63",8
"___64",12
"___65",5
"___66",2
"___67",5
"___68",8
"___69",6
"___70",8
"___71",6
"___72",4
"___73",6
"___74",2
"___75",12
"___76",8
"___77",11
"___78",8
"___79",6
"___80",5
"___81",6
"___82",8
"___83",5
"___84",4
"___85",1
"___86",4
"___87",5
"___88",6
"___89",7
"___90",6
"___91",6
"___92",5
"___93",6
"___94",6
"___95",6
"___96",14
"___97",6
"___98",10
"___99",6
"___100",6
"___101",6
"___102",14
